{
	"__comment":"Designed by GeForceLegend",
	"parent":"block/block",
	"textures":{
		"bottom":"block/crafter_bottom",
		"top":"block/crafter_top_crafting",
		"north":"block/crafter_north_crafting",
		"south":"block/crafter_south_triggered",
		"east":"block/crafter_east_crafting",
		"west":"block/crafter_west_crafting",
		"particle":"block/crafter_north_crafting"
	},
	"elements":[
		{
			"from":[0,13,0],
			"to":[16,16,16],
			"faces":{
				"north":{"uv":[0,0,16,3],"texture":"#north","cullface":"north"},
				"east":{"uv":[0,0,16,3],"texture":"#east","cullface":"east"},
				"south":{"uv":[0,0,16,3],"texture":"#south","cullface":"south"},
				"west":{"uv":[0,0,16,3],"texture":"#west","cullface":"west"},
				"up":{"uv":[0,16,16,0],"texture":"#top","cullface":"up"}
			}
		},
		{
			"from":[0,0,0],
			"to":[16,3,16],
			"faces":{
				"north":{"uv":[0,13,16,16],"texture":"#north","cullface":"north"},
				"east":{"uv":[0,13,16,16],"texture":"#east","cullface":"east"},
				"south":{"uv":[0,13,16,16],"texture":"#south","cullface":"south"},
				"west":{"uv":[0,13,16,16],"texture":"#west","cullface":"west"},
				"down":{"uv":[0,0,16,16],"texture":"#bottom","cullface":"down"}
			}
		},
		{
			"from":[0,3,0],
			"to":[2,13,2],
			"faces":{
				"north":{"uv":[14,3,16,13],"texture":"#north","cullface":"north"},
				"east":{"uv":[16,3,14,13],"texture":"#north","cullface":"north"},
				"south":{"uv":[1,3,2,13],"texture":"#west","cullface":"west"},
				"west":{"uv":[0,3,2,13],"texture":"#west","cullface":"west"}
			}
		},
		{
			"from":[0,3,14],
			"to":[2,13,16],
			"faces":{
				"north":{"uv":[14,3,15,13],"texture":"#west","cullface":"west"},
				"east":{"uv":[1,3,2,13],"texture":"#south","cullface":"south"},
				"south":{"uv":[0,3,2,13],"texture":"#south","cullface":"south"},
				"west":{"uv":[14,3,16,13],"texture":"#west","cullface":"west"}
			}
		},
		{
			"from":[14,3,14],
			"to":[16,13,16],
			"faces":{
				"north":{"uv":[1,3,2,13],"texture":"#east","cullface":"east"},
				"east":{"uv":[0,3,2,13],"texture":"#east","cullface":"east"},
				"south":{"uv":[14,3,16,13],"texture":"#south","cullface":"south"},
				"west":{"uv":[14,3,15,13],"texture":"#south","cullface":"south"}
			}
		},
		{
			"from":[14,3,0],
			"to":[16,13,2],
			"faces":{
				"north":{"uv":[0,3,2,13],"texture":"#north","cullface":"north"},
				"east":{"uv":[14,3,16,13],"texture":"#east","cullface":"east"},
				"south":{"uv":[14,3,15,13],"texture":"#east","cullface":"east"},
				"west":{"uv":[2,3,0,13],"texture":"#north","cullface":"north"}
			}
		},
		{
			"from":[2,13,0],
			"to":[14,3,2],
			"faces":{
				"up":{"uv":[14,13,2,15],"texture":"#north","cullface":"north"},
				"down":{"uv":[14,2,2,3],"texture":"#north","cullface":"north"}
			}
		},
		{
			"from":[2,13,15],
			"to":[14,3,16],
			"faces":{
				"north":{"uv":[2,13,14,3],"texture":"#south","cullface":"south"},
				"up":{"uv":[2,13,14,14],"texture":"#south","cullface":"south"},
				"down":{"uv":[2,2,14,3],"texture":"#south","cullface":"south"}
			}
		},
		{
			"from":[0,13,2],
			"to":[1.9,3,14],
			"faces":{
				"east":{"uv":[14,13,2,3],"texture":"#west","cullface":"west"},
				"up":{"uv":[2,13,14,14],"rotation":90,"texture":"#west","cullface":"west"},
				"down":{"uv":[14,2,2,3],"rotation":90,"texture":"#west","cullface":"west"}
			}
		},
		{
			"from":[14.1,13,2],
			"to":[16,3,14],
			"faces":{
				"west":{"uv":[14,13,2,3],"texture":"#east","cullface":"east"},
				"up":{"uv":[14,13,2,14],"rotation":90,"texture":"#east","cullface":"east"},
				"down":{"uv":[2,2,14,3],"rotation":90,"texture":"#east","cullface":"east"}
			}
		},
		{
			"from":[6,3,14.5],
			"to":[10,11,15.5],
			"faces":{
				"east":{"uv":[9,5,10,13],"texture":"#south","cullface":"south"},
				"south":{"uv":[6,5,10,13],"texture":"#south","cullface":"south"},
				"west":{"uv":[6,5,7,13],"texture":"#south","cullface":"south"}
			}
		},
		{
			"from":[6,11,14.5],
			"to":[10,13,16],
			"faces":{
				"east":{"uv":[9,3,10,5],"texture":"#south","cullface":"south"},
				"south":{"uv":[6,3,10,5],"texture":"#south","cullface":"south"},
				"west":{"uv":[6,3,7,5],"texture":"#south","cullface":"south"},
				"down":{"uv":[6,4,10,5],"texture":"#south","cullface":"south"}
			}
		},
		{
			"from":[1,3,2],
			"to":[1.9,13,3],
			"faces":{
				"south":{"uv":[2,3,3,13],"texture":"#west","cullface":"west"},
				"west":{"uv":[2,3,3,13],"texture":"#west","cullface":"west"}
			}
		},
		{
			"from":[1,12,3],
			"to":[2,13,6],
			"faces":{
				"west":{"uv":[3,3,6,4],"texture":"#west","cullface":"west"},
				"down":{"uv":[6,3,3,4],"rotation":90,"texture":"#west","cullface":"west"}
			}
		},
		{
			"from":[1,3,3],
			"to":[1.9,4,6],
			"faces":{
				"west":{"uv":[3,12,6,13],"texture":"#west","cullface":"west"},
				"up":{"uv":[3,12,6,13],"rotation":90,"texture":"#west","cullface":"west"}
			}
		},
		{
			"from":[1,3,6],
			"to":[1.9,13,14],
			"faces":{
				"north":{"uv":[6,3,7,13],"texture":"#west","cullface":"west"},
				"west":{"uv":[6,3,14,13],"texture":"#west","cullface":"west"}
			}
		},
		{
			"from":[1,6,5],
			"to":[1.9,10,6],
			"faces":{
				"north":{"uv":[5,6,6,10],"texture":"#west","cullface":"west"},
				"west":{"uv":[5,6,6,10],"texture":"#west","cullface":"west"},
				"up":{"uv":[5,6,6,7],"texture":"#west","cullface":"west"},
				"down":{"uv":[5,9,6,10],"texture":"#west","cullface":"west"}
			}
		},
		{
			"from":[1.5,9,3],
			"to":[2,12,6],
			"faces":{
				"west":{"uv":[3,4,6,7],"texture":"#west","cullface":"west"},
				"down":{"uv":[6,6,3,7],"rotation":90,"texture":"#west","cullface":"west"}
			}
		},
		{
			"from":[14.1,3,6],
			"to":[15,13,14],
			"faces":{
				"north":{"uv":[9,3,10,13],"texture":"#east","cullface":"east"},
				"east":{"uv":[2,3,10,13],"texture":"#east","cullface":"east"}
			}
		},
		{
			"from":[14,12,3],
			"to":[15,13,6],
			"faces":{
				"east":{"uv":[10,3,13,4],"texture":"#east","cullface":"east"},
				"down":{"uv":[10,4,13,3],"rotation":90,"texture":"#east","cullface":"east"}
			}
		},
		{
			"from":[14.1,3,2],
			"to":[15,13,3],
			"faces":{
				"east":{"uv":[14,3,13,13],"texture":"#east","cullface":"east"},
				"south":{"uv":[14,3,13,13],"texture":"#east","cullface":"east"}
			}
		},
		{
			"from":[14.1,3,3],
			"to":[15,4,6],
			"faces":{
				"east":{"uv":[10,12,13,13],"texture":"#east","cullface":"east"},
				"up":{"uv":[13,13,10,12],"rotation":90,"texture":"#east","cullface":"east"}
			}
		},
		{
			"from":[14.1,6,5],
			"to":[15,10,6],
			"faces":{
				"north":{"uv":[10,6,11,10],"texture":"#east","cullface":"east"},
				"east":{"uv":[10,6,11,10],"texture":"#east","cullface":"east"},
				"up":{"uv":[10,6,11,7],"texture":"#east","cullface":"east"},
				"down":{"uv":[10,9,11,10],"texture":"#east","cullface":"east"}
			}
		},
		{
			"from":[14,9,3],
			"to":[14.5,12,6],
			"faces":{
				"east":{"uv":[10,4,13,7],"texture":"#east","cullface":"east"},
				"down":{"uv":[10,6,13,7],"rotation":90,"texture":"#east","cullface":"east"}
			}
		},
		{
			"from":[2,9,1],
			"to":[14,13,14],
			"faces":{
				"north":{"uv":[2,3,14,7],"texture":"#north","cullface":"north"},
				"down":{"uv":[2,2,14,15],"texture":"#bottom","cullface":"north"}
			}
		},
		{
			"from":[6,11,0],
			"to":[10,13,1],
			"faces":{
				"north":{"uv":[6,3,10,5],"texture":"#north","cullface":"north"},
				"east":{"uv":[6,3,7,5],"texture":"#north","cullface":"north"},
				"south":{"uv":[9,3,10,5],"texture":"#north","cullface":"north"},
				"west":{"uv":[9,3,10,5],"texture":"#north","cullface":"north"},
				"down":{"uv":[10,4,6,5],"texture":"#north","cullface":"north"}
			}
		},
		{
			"from":[13,7,1],
			"to":[14,9,2],
			"faces":{
				"north":{"uv":[2,7,3,9],"texture":"#north","cullface":"north"},
				"south":{"uv":[2,7,3,9],"texture":"#north","cullface":"north"},
				"west":{"uv":[2,7,3,9],"texture":"#north","cullface":"north"},
				"down":{"uv":[2,8,3,9],"texture":"#north","cullface":"north"}
			}
		},
		{
			"from":[2,7,1],
			"to":[3,9,2],
			"faces":{
				"north":{"uv":[13,7,14,9],"texture":"#north","cullface":"north"},
				"east":{"uv":[13,7,14,9],"texture":"#north","cullface":"north"},
				"south":{"uv":[13,7,14,9],"texture":"#north","cullface":"north"},
				"down":{"uv":[13,8,14,9],"texture":"#north","cullface":"north"}
			}
		},
		{
			"from":[12,8,1],
			"to":[13,9,2],
			"faces":{
				"north":{"uv":[3,7,4,8],"texture":"#north","cullface":"north"},
				"south":{"uv":[3,7,4,8],"texture":"#north","cullface":"north"},
				"west":{"uv":[3,7,4,8],"texture":"#north","cullface":"north"},
				"down":{"uv":[3,7,4,8],"texture":"#north","cullface":"north"}
			}
		},
		{
			"from":[3,8,1],
			"to":[4,9,2],
			"faces":{
				"north":{"uv":[12,7,13,8],"texture":"#north","cullface":"north"},
				"east":{"uv":[12,7,13,8],"texture":"#north","cullface":"north"},
				"south":{"uv":[12,7,13,8],"texture":"#north","cullface":"north"},
				"down":{"uv":[12,7,13,8],"texture":"#north","cullface":"north"}
			}
		},
		{
			"from":[2,9,2],
			"to":[14,3,14],
			"faces":{
				"east":{"uv":[2,13,14,7],"texture":"#bottom","cullface":"north"},
				"south":{"uv":[2,13,14,7],"texture":"#bottom","cullface":"north"},
				"west":{"uv":[2,13,14,7],"texture":"#bottom","cullface":"north"},
				"up":{"uv":[2,14,14,2],"texture":"#bottom","cullface":"north"}
			}
		},
		{
			"from":[5,8,2],
			"to":[11,9,3],
			"faces":{
				"north":{"uv":[5,7,11,8],"texture":"#north","cullface":"north"},
				"east":{"uv":[5,7,6,8],"texture":"#north","cullface":"north"},
				"south":{"uv":[11,7,5,8],"texture":"#north","cullface":"north"},
				"west":{"uv":[10,7,11,8],"texture":"#north","cullface":"north"},
				"down":{"uv":[11,7,5,8],"texture":"#north","cullface":"north"}
			}
		},
		{
			"from":[11,3,2],
			"to":[14,4,3],
			"faces":{
				"north":{"uv":[2,12,5,13],"texture":"#north","cullface":"north"},
				"south":{"uv":[5,12,2,13],"texture":"#north","cullface":"north"},
				"west":{"uv":[4,12,5,13],"texture":"#north","cullface":"north"},
				"up":{"uv":[5,12,2,13],"texture":"#north","cullface":"north"}
			}
		},
		{
			"from":[2,3,2],
			"to":[5,4,3],
			"faces":{
				"north":{"uv":[11,12,14,13],"texture":"#north","cullface":"north"},
				"east":{"uv":[11,12,12,13],"texture":"#north","cullface":"north"},
				"south":{"uv":[14,12,11,13],"texture":"#north","cullface":"north"},
				"up":{"uv":[14,12,11,13],"texture":"#north","cullface":"north"}
			}
		}
	]
}