{
	"__comment":"Designed by GeForceLegend",
	"parent":"block/block",
	"textures":{
		"particle":"block/vault_side_off_ominous",
		"side":"block/vault_side_off_ominous",
		"front":"block/vault_front_off_ominous",
		"top":"block/vault_top_ominous",
		"bottom":"block/vault_bottom_ominous"
	},
	"elements":[
		{
			"from":[0,0,0],
			"to":[16,3,16],
			"faces":{
				"north":{"uv":[0,13,16,16],"texture":"#front","cullface":"north"},
				"east":{"uv":[0,13,16,16],"texture":"#side","cullface":"east"},
				"south":{"uv":[0,13,16,16],"texture":"#side","cullface":"south"},
				"west":{"uv":[0,13,16,16],"texture":"#side","cullface":"west"},
				"up":{"uv":[0,0,16,16],"texture":"#bottom"},
				"down":{"uv":[0,0,16,16],"texture":"#bottom","cullface":"down"}
			}
		},
		{
			"from":[0,13,0],
			"to":[16,16,16],
			"faces":{
				"north":{"uv":[0,0,16,3],"texture":"#front","cullface":"north"},
				"east":{"uv":[0,0,16,3],"texture":"#side","cullface":"east"},
				"south":{"uv":[0,0,16,3],"texture":"#side","cullface":"south"},
				"west":{"uv":[0,0,16,3],"texture":"#side","cullface":"west"},
				"up":{"uv":[0,0,16,16],"texture":"#top","cullface":"up"},
				"down":{"uv":[0,16,16,0],"texture":"#top"}
			}
		},
		{
			"from":[0,3,0],
			"to":[2,13,1],
			"faces":{
				"north":{"uv":[14,3,16,13],"texture":"#front","cullface":"north"},
				"east":{"uv":[14,3,15,13],"texture":"#front"},
				"south":{"uv":[16,3,14,13],"texture":"#front"}
			}
		},
		{
			"from":[14,3,0],
			"to":[16,13,1],
			"faces":{
				"north":{"uv":[0,3,2,13],"texture":"#front","cullface":"north"},
				"south":{"uv":[2,3,0,13],"texture":"#front"},
				"west":{"uv":[1,3,2,13],"texture":"#front"}
			}
		},
		{
			"from":[0,3,15],
			"to":[3,13,16],
			"faces":{
				"north":{"uv":[3,3,0,13],"texture":"#side"},
				"east":{"uv":[2,3,3,13],"texture":"#side"},
				"south":{"uv":[0,3,3,13],"texture":"#side","cullface":"south"}
			}
		},
		{
			"from":[13,3,15],
			"to":[16,13,16],
			"faces":{
				"north":{"uv":[16,3,13,13],"texture":"#side"},
				"south":{"uv":[13,3,16,13],"texture":"#side","cullface":"south"},
				"west":{"uv":[13,3,14,13],"texture":"#side"}
			}
		},
		{
			"from":[0,3,0],
			"to":[1,13,3],
			"faces":{
				"east":{"uv":[3,3,0,13],"texture":"#side"},
				"south":{"uv":[2,3,3,13],"texture":"#side"},
				"west":{"uv":[0,3,3,13],"texture":"#side","cullface":"west"}
			}
		},
		{
			"from":[0,3,13],
			"to":[1,13,16],
			"faces":{
				"north":{"uv":[13,3,14,13],"texture":"#side"},
				"east":{"uv":[16,3,13,13],"texture":"#side"},
				"west":{"uv":[13,3,16,13],"texture":"#side","cullface":"west"}
			}
		},
		{
			"from":[15,3,0],
			"to":[16,13,3],
			"faces":{
				"east":{"uv":[13,3,16,13],"texture":"#side","cullface":"east"},
				"south":{"uv":[13,3,14,13],"texture":"#side"},
				"west":{"uv":[16,3,13,13],"texture":"#side"}
			}
		},
		{
			"from":[15,3,13],
			"to":[16,13,16],
			"faces":{
				"north":{"uv":[2,3,3,13],"texture":"#side"},
				"east":{"uv":[0,3,3,13],"texture":"#side","cullface":"east"},
				"west":{"uv":[3,3,0,13],"texture":"#side"}
			}
		},
		{
			"from":[0,3,3],
			"to":[1,4,13],
			"faces":{
				"east":{"uv":[13,12,3,13],"texture":"#side"},
				"west":{"uv":[3,12,13,13],"texture":"#side","cullface":"west"},
				"up":{"uv":[3,12,13,13],"rotation":90,"texture":"#side"}
			}
		},
		{
			"from":[0,12,3],
			"to":[1,13,13],
			"faces":{
				"east":{"uv":[13,3,3,4],"texture":"#side"},
				"west":{"uv":[3,3,13,4],"texture":"#side","cullface":"west"},
				"down":{"uv":[13,3,3,4],"rotation":90,"texture":"#side"}
			}
		},
		{
			"from":[0,6,3],
			"to":[1,7,13],
			"faces":{
				"east":{"uv":[13,9,3,10],"texture":"#side"},
				"west":{"uv":[3,9,13,10],"texture":"#side","cullface":"west"},
				"up":{"uv":[3,9,13,10],"rotation":90,"texture":"#side"},
				"down":{"uv":[13,9,3,10],"rotation":90,"texture":"#side"}
			}
		},
		{
			"from":[0,9,3],
			"to":[1,10,13],
			"faces":{
				"east":{"uv":[13,6,3,7],"texture":"#side"},
				"west":{"uv":[3,6,13,7],"texture":"#side","cullface":"west"},
				"up":{"uv":[3,6,13,7],"rotation":90,"texture":"#side"},
				"down":{"uv":[13,6,3,7],"rotation":90,"texture":"#side"}
			}
		},
		{
			"from":[0,10,5],
			"to":[1,12,6],
			"faces":{
				"north":{"uv":[5,4,6,6],"texture":"#side"},
				"east":{"uv":[5,4,6,6],"texture":"#side"},
				"south":{"uv":[5,4,6,6],"texture":"#side"},
				"west":{"uv":[5,4,6,6],"texture":"#side","cullface":"west"}
			}
		},
		{
			"from":[0,10,10],
			"to":[1,12,11],
			"faces":{
				"north":{"uv":[10,4,11,6],"texture":"#side"},
				"east":{"uv":[10,4,11,6],"texture":"#side"},
				"south":{"uv":[10,4,11,6],"texture":"#side"},
				"west":{"uv":[10,4,11,6],"texture":"#side","cullface":"west"}
			}
		},
		{
			"from":[0,7,5],
			"to":[1,9,6],
			"faces":{
				"north":{"uv":[5,7,6,9],"texture":"#side"},
				"east":{"uv":[5,7,6,9],"texture":"#side"},
				"south":{"uv":[5,7,6,9],"texture":"#side"},
				"west":{"uv":[5,7,6,9],"texture":"#side","cullface":"west"}
			}
		},
		{
			"from":[0,7,10],
			"to":[1,9,11],
			"faces":{
				"north":{"uv":[10,7,11,9],"texture":"#side"},
				"east":{"uv":[10,7,11,9],"texture":"#side"},
				"south":{"uv":[10,7,11,9],"texture":"#side"},
				"west":{"uv":[10,7,11,9],"texture":"#side","cullface":"west"}
			}
		},
		{
			"from":[0,4,5],
			"to":[1,6,6],
			"faces":{
				"north":{"uv":[5,10,6,12],"texture":"#side"},
				"east":{"uv":[5,10,6,12],"texture":"#side"},
				"south":{"uv":[5,10,6,12],"texture":"#side"},
				"west":{"uv":[5,10,6,12],"texture":"#side","cullface":"west"}
			}
		},
		{
			"from":[0,4,10],
			"to":[1,6,11],
			"faces":{
				"north":{"uv":[10,10,11,12],"texture":"#side"},
				"east":{"uv":[10,10,11,12],"texture":"#side"},
				"south":{"uv":[10,10,11,12],"texture":"#side"},
				"west":{"uv":[10,10,11,12],"texture":"#side","cullface":"west"}
			}
		},
		{
			"from":[15,4,10],
			"to":[16,6,11],
			"faces":{
				"north":{"uv":[6,10,5,12],"texture":"#side"},
				"east":{"uv":[6,10,5,12],"texture":"#side","cullface":"east"},
				"south":{"uv":[6,10,5,12],"texture":"#side"},
				"west":{"uv":[6,10,5,12],"texture":"#side"}
			}
		},
		{
			"from":[15,9,3],
			"to":[16,10,13],
			"faces":{
				"east":{"uv":[3,6,13,7],"texture":"#side","cullface":"east"},
				"west":{"uv":[13,6,3,7],"texture":"#side"},
				"up":{"uv":[13,6,3,7],"rotation":90,"texture":"#side"},
				"down":{"uv":[3,6,13,7],"rotation":90,"texture":"#side"}
			}
		},
		{
			"from":[15,10,5],
			"to":[16,12,6],
			"faces":{
				"north":{"uv":[11,4,10,6],"texture":"#side"},
				"east":{"uv":[11,4,10,6],"texture":"#side","cullface":"east"},
				"south":{"uv":[11,4,10,6],"texture":"#side"},
				"west":{"uv":[11,4,10,6],"texture":"#side"}
			}
		},
		{
			"from":[15,10,10],
			"to":[16,12,11],
			"faces":{
				"north":{"uv":[6,4,5,6],"texture":"#side"},
				"east":{"uv":[6,4,5,6],"texture":"#side","cullface":"east"},
				"south":{"uv":[6,4,5,6],"texture":"#side"},
				"west":{"uv":[6,4,5,6],"texture":"#side"}
			}
		},
		{
			"from":[15,7,5],
			"to":[16,9,6],
			"faces":{
				"north":{"uv":[11,7,10,9],"texture":"#side"},
				"east":{"uv":[11,7,10,9],"texture":"#side","cullface":"east"},
				"south":{"uv":[11,7,10,9],"texture":"#side"},
				"west":{"uv":[11,7,10,9],"texture":"#side"}
			}
		},
		{
			"from":[15,7,10],
			"to":[16,9,11],
			"faces":{
				"north":{"uv":[6,7,5,9],"texture":"#side"},
				"east":{"uv":[6,7,5,9],"texture":"#side","cullface":"east"},
				"south":{"uv":[6,7,5,9],"texture":"#side"},
				"west":{"uv":[6,7,5,9],"texture":"#side"}
			}
		},
		{
			"from":[15,4,5],
			"to":[16,6,6],
			"faces":{
				"north":{"uv":[11,10,10,12],"texture":"#side"},
				"east":{"uv":[11,10,10,12],"texture":"#side","cullface":"east"},
				"south":{"uv":[11,10,10,12],"texture":"#side"},
				"west":{"uv":[11,10,10,12],"texture":"#side"}
			}
		},
		{
			"from":[15,6,3],
			"to":[16,7,13],
			"faces":{
				"east":{"uv":[3,9,13,10],"texture":"#side","cullface":"east"},
				"west":{"uv":[13,9,3,10],"texture":"#side"},
				"up":{"uv":[13,9,3,10],"rotation":90,"texture":"#side"},
				"down":{"uv":[3,9,13,10],"rotation":90,"texture":"#side"}
			}
		},
		{
			"from":[15,12,3],
			"to":[16,13,13],
			"faces":{
				"east":{"uv":[3,3,13,4],"texture":"#side","cullface":"east"},
				"west":{"uv":[13,3,3,4],"texture":"#side"},
				"down":{"uv":[3,3,13,4],"rotation":90,"texture":"#side"}
			}
		},
		{
			"from":[15,3,3],
			"to":[16,4,13],
			"faces":{
				"east":{"uv":[3,12,13,13],"texture":"#side","cullface":"east"},
				"west":{"uv":[13,12,3,13],"texture":"#side"},
				"up":{"uv":[13,12,3,13],"rotation":90,"texture":"#side"}
			}
		},
		{
			"from":[3,3,15],
			"to":[13,4,16],
			"faces":{
				"north":{"uv":[13,12,3,13],"texture":"#side"},
				"south":{"uv":[3,12,13,13],"texture":"#side","cullface":"south"},
				"up":{"uv":[3,12,13,13],"texture":"#side"}
			}
		},
		{
			"from":[3,9,15],
			"to":[13,10,16],
			"faces":{
				"north":{"uv":[13,6,3,7],"texture":"#side"},
				"south":{"uv":[3,6,13,7],"texture":"#side","cullface":"south"},
				"up":{"uv":[3,6,13,7],"texture":"#side"},
				"down":{"uv":[3,6,13,7],"texture":"#side"}
			}
		},
		{
			"from":[10,10,15],
			"to":[11,12,16],
			"faces":{
				"north":{"uv":[10,4,11,6],"texture":"#side"},
				"east":{"uv":[10,4,11,6],"texture":"#side"},
				"south":{"uv":[10,4,11,6],"texture":"#side","cullface":"south"},
				"west":{"uv":[10,4,11,6],"texture":"#side"}
			}
		},
		{
			"from":[5,10,15],
			"to":[6,12,16],
			"faces":{
				"north":{"uv":[5,4,6,6],"texture":"#side"},
				"east":{"uv":[5,4,6,6],"texture":"#side"},
				"south":{"uv":[5,4,6,6],"texture":"#side","cullface":"south"},
				"west":{"uv":[5,4,6,6],"texture":"#side"}
			}
		},
		{
			"from":[10,7,15],
			"to":[11,9,16],
			"faces":{
				"north":{"uv":[10,7,11,9],"texture":"#side"},
				"east":{"uv":[10,7,11,9],"texture":"#side"},
				"south":{"uv":[10,7,11,9],"texture":"#side","cullface":"south"},
				"west":{"uv":[10,7,11,9],"texture":"#side"}
			}
		},
		{
			"from":[5,7,15],
			"to":[6,9,16],
			"faces":{
				"north":{"uv":[5,7,6,9],"texture":"#side"},
				"east":{"uv":[5,7,6,9],"texture":"#side"},
				"south":{"uv":[5,7,6,9],"texture":"#side","cullface":"south"},
				"west":{"uv":[5,7,6,9],"texture":"#side"}
			}
		},
		{
			"from":[10,4,15],
			"to":[11,6,16],
			"faces":{
				"north":{"uv":[10,10,11,12],"texture":"#side"},
				"east":{"uv":[10,10,11,12],"texture":"#side"},
				"south":{"uv":[10,10,11,12],"texture":"#side","cullface":"south"},
				"west":{"uv":[10,10,11,12],"texture":"#side"}
			}
		},
		{
			"from":[3,6,15],
			"to":[13,7,16],
			"faces":{
				"north":{"uv":[13,9,3,10],"texture":"#side"},
				"south":{"uv":[3,9,13,10],"texture":"#side","cullface":"south"},
				"up":{"uv":[3,9,13,10],"texture":"#side"},
				"down":{"uv":[3,9,13,10],"texture":"#side"}
			}
		},
		{
			"from":[3,12,15],
			"to":[13,13,16],
			"faces":{
				"north":{"uv":[13,3,3,4],"texture":"#side"},
				"south":{"uv":[3,3,13,4],"texture":"#side","cullface":"south"},
				"down":{"uv":[3,3,13,4],"texture":"#side"}
			}
		},
		{
			"from":[5,4,15],
			"to":[6,6,16],
			"faces":{
				"north":{"uv":[5,10,6,12],"texture":"#side"},
				"east":{"uv":[5,10,6,12],"texture":"#side"},
				"south":{"uv":[5,10,6,12],"texture":"#side","cullface":"south"},
				"west":{"uv":[5,10,6,12],"texture":"#side"}
			}
		},
		{
			"from":[5,4,0],
			"to":[6,9,1],
			"faces":{
				"north":{"uv":[10,7,11,12],"texture":"#front","cullface":"north"},
				"east":{"uv":[10,7,11,12],"texture":"#front","cullface":"north"},
				"west":{"uv":[10,7,11,12],"texture":"#front"}
			}
		},
		{
			"from":[10,4,0],
			"to":[11,9,1],
			"faces":{
				"north":{"uv":[5,7,6,12],"texture":"#front","cullface":"north"},
				"east":{"uv":[5,7,6,12],"texture":"#front"},
				"west":{"uv":[5,7,6,12],"texture":"#front","cullface":"north"}
			}
		},
		{
			"from":[2,3,0],
			"to":[14,4,1],
			"faces":{
				"north":{"uv":[2,12,14,13],"texture":"#front","cullface":"north"},
				"south":{"uv":[14,12,2,13],"texture":"#front"},
				"up":{"uv":[14,12,2,13],"texture":"#front"}
			}
		},
		{
			"from":[11,6,0],
			"to":[14,7,1],
			"faces":{
				"north":{"uv":[2,9,5,10],"texture":"#front","cullface":"north"},
				"south":{"uv":[5,9,2,10],"texture":"#front"},
				"up":{"uv":[5,9,2,10],"texture":"#front"},
				"down":{"uv":[5,9,2,10],"texture":"#front"}
			}
		},
		{
			"from":[2,6,0],
			"to":[5,7,1],
			"faces":{
				"north":{"uv":[11,9,14,10],"texture":"#front","cullface":"north"},
				"south":{"uv":[14,9,11,10],"texture":"#front"},
				"up":{"uv":[14,9,11,10],"texture":"#front"},
				"down":{"uv":[14,9,11,10],"texture":"#front"}
			}
		},
		{
			"from":[11,7,0],
			"to":[13,8,1],
			"faces":{
				"north":{"uv":[3,8,5,9],"texture":"#front","cullface":"north"},
				"east":{"uv":[3,8,4,9],"texture":"#front"},
				"south":{"uv":[5,8,3,9],"texture":"#front"}
			}
		},
		{
			"from":[3,7,0],
			"to":[5,8,1],
			"faces":{
				"north":{"uv":[11,8,13,9],"texture":"#front","cullface":"north"},
				"south":{"uv":[13,8,11,9],"texture":"#front"},
				"west":{"uv":[12,8,13,9],"texture":"#front"}
			}
		},
		{
			"from":[11,8,0],
			"to":[14,13,1],
			"faces":{
				"north":{"uv":[2,3,5,8],"texture":"#front","cullface":"north"},
				"south":{"uv":[5,3,2,8],"texture":"#front"},
				"down":{"uv":[5,7,2,8],"texture":"#front"}
			}
		},
		{
			"from":[2,8,0],
			"to":[5,13,1],
			"faces":{
				"north":{"uv":[11,3,14,8],"texture":"#front","cullface":"north"},
				"south":{"uv":[14,3,11,8],"texture":"#front"},
				"down":{"uv":[14,7,11,8],"texture":"#front"}
			}
		},
		{
			"from":[5,4,0.5],
			"to":[11,13,1],
			"faces":{
				"north":{"uv":[5,3,11,12],"texture":"#front","cullface":"north"},
				"south":{"uv":[11,3,5,12],"texture":"#front"}
			}
		},
		{
			"from":[4.01,12.01,-0.5],
			"to":[11.99,14.99,0],
			"faces":{
				"north":{"uv":[4,1,12,4],"texture":"#front","cullface":"north"},
				"east":{"uv":[4,1,5,4],"texture":"#front","cullface":"north"},
				"west":{"uv":[11,1,12,4],"texture":"#front","cullface":"north"},
				"up":{"uv":[12,1,4,2],"texture":"#front","cullface":"north"},
				"down":{"uv":[12,3,4,4],"texture":"#front","cullface":"north"}
			}
		},
		{
			"from":[5.01,14.99,-0.5],
			"to":[10.99,15.99,0],
			"faces":{
				"north":{"uv":[5,0,11,1],"texture":"#front","cullface":"north"},
				"east":{"uv":[5,0,6,1],"texture":"#front","cullface":"north"},
				"west":{"uv":[10,0,11,1],"texture":"#front","cullface":"north"},
				"up":{"uv":[11,0,5,1],"texture":"#front","cullface":"north"}
			}
		},
		{
			"from":[5,9.01,-0.5],
			"to":[11,12.01,1],
			"faces":{
				"north":{"uv":[5,4,11,7],"texture":"#front","cullface":"north"},
				"east":{"uv":[5,4,6,7],"texture":"#front","cullface":"north"},
				"west":{"uv":[10,4,11,7],"texture":"#front","cullface":"north"},
				"down":{"uv":[11,6,5,7],"texture":"#front","cullface":"north"}
			}
		}
	]
}